COUNTRY,INCOMEPERPERSON,ALCCONSUMPTION,ARMEDFORCESRATE,BREASTCANCERPER100TH,CO2EMISSIONS,FEMALEEMPLOYRATE,HIVRATE,INTERNETUSERATE,LIFEEXPECTANCY,OILPERPERSON,POLITYSCORE,RELECTRICPERPERSON,SUICIDEPER100TH,EMPLOYRATE,urbanrate
ANTARCTIC FISHERIES,,,,,143000,,,,,,,,,,
Abkhazia,,,,,,,,,,,,,,,
Afghanistan,,0.03,0.5696534,26.8,75944000,25.600000381,,3.6541216228,48.673,,0,,6.6843852997,55.700000763,24.04
Akrotiri and Dhekelia,,,,,,,,,,,,,,,
Albania,1914.9965509,7.29,1.0247361,57.4,223747333.33,42.099998474,,44.989946958,76.918,,9,636.34138337,7.6993298531,51.400001526,46.72
Algeria,2231.9933352,0.69,2.306817,23.5,2932108666.7,31.700000763,0.1,12.500073306,73.131,0.4200945252,2,590.50981435,4.8487696648,50.5,65.22
American Samoa,,,,,,,,,,,,,,,92.32
Andorra,21943.339898,10.17,,,,,,81,,,,,5.3621788025,,88.92
Angola,1381.0042677,5.57,1.4613288,23.1,248358000,69.400001526,2,9.9999538832,51.093,,-2,172.99922739,14.55467701,75.699996948,56.7
Anguilla,,,,,363000,,,,,,,,,,
Antigua and Barbuda,11894.464075,8.17,,,16225000,,,80.645454545,,,,,2.1618432999,,30.46
Argentina,10749.419238,9.35,0.560987,73.9,5872119000,45.900001526,0.5,36.00033495,75.901,0.635943801,8,768.4282997,7.765584,58.400001526,92
Armenia,1326.7417572,13.66,2.6184384,51.6,51219666.667,34.200000763,0.1,44.00102458,74.241,,5,603.76305756,3.7415878773,40.099998474,63.86
Aruba,,,,,35871000,,,41.800888889,75.246,,,,,,46.78
Australia,25249.986061,10.21,0.4862799,83.2,12970092667,54.599998474,0.1,75.895653796,81.907,1.9130261091,10,2825.3910954,8.4700301251,61.5,88.74
Austria,26692.984107,12.4,0.8155798,70.5,4466084333.3,49.700000763,0.3,72.731575542,80.854,1.5487909661,10,2068.123309,13.09437,57.099998474,67.16
Azerbaijan,2344.8969162,13.34,1.9767462,31.5,511107666.67,56.200000763,0.1,46.679701568,70.739,0.35917261,-7,921.56211076,1.3809646368,60.900001526,51.92
Bahamas,19630.540547,8.65,0.5452863,54.4,137555000,60.700000763,3.1,42.984580175,75.62,,,,3.3744158745,66.599998474,83.7
Bahrain,12505.212545,4.19,5.2311429,40.2,503994333.33,30.200000763,,54.992809033,75.057,,-7,7314.3556367,4.4149904251,60.400001526,88.52
Bangladesh,558.06287663,0.17,0.2878915,16.6,598774000,53.599998474,0.06,3.7000032598,68.944,0.0322814662,5,68.115228584,14.538356781,68.099998474,27.14
Barbados,9243.5870526,6.42,0.6639555,62.5,36160666.667,60.299999237,1.4,70.02859927,76.835,,,,3.1086025238,66.900001526,39.84
Belarus,2737.6703794,18.85,3.7119299,36,999874333.33,48.599998474,0.3,32.052143909,70.349,0.6878280797,-7,614.90728721,26.874690295,53.400001526,73.46
Belgium,24496.048264,10.41,0.8156477,92,10897025333,41.700000763,0.2,73.733934471,80.009,,8,1920.9622152,15.95385,48.599998474,97.36
Belize,3545.6521739,5.92,0.7583556,29.8,14058000,38.799999237,2.3,12.645733333,76.072,,,,9.3887958527,56.799999237,51.7
Benin,377.03969946,2.08,0.2233986,28.1,37950000,58.200000763,1.2,3.1299618034,56.081,,7,38.222943358,6.0577397346,71.599998474,41.2
Bermuda,62682.147006,,,,20331666.667,,,84.654514087,,,,,,,100
Bhutan,1324.1949063,0.54,,21.8,6024333.3333,39.900001526,0.2,13.598876033,67.185,,3,,15.542602539,58.400001526,34.48
Bolivia,1232.794137,5.78,1.8821978,24.7,254939666.67,61.599998474,0.2,20.001710142,66.618,,7,213.06161368,2.0341784954,70.400001526,65.58
Bosnia and Herzegovina,2183.344867,9.6,0.4628471,58.9,236419333.33,34.900001526,,52.002060638,75.67,,,927.11949738,11.836715698,41.200000763,47.44
Botswana,4189.4365875,6.97,1.1319097,33.4,78943333.333,38.700000763,24.8,5.9998355755,53.183,,8,454.7957053,11.213970184,46,59.58
Brazil,4699.4112621,10.08,0.7213964,46,9580226333.3,53.299999237,0.45,40.650098004,73.488,0.5996517885,8,498.16530524,4.777007,64.5,85.58
British Virgin Islands,,,,,1771000,,,,,,,,,,
Brunei,17092.460004,1.86,4.683989,20.6,254206333.33,55.5,,49.989974937,78.005,,,3067.498901,1.3700015545,63.799999237,74.82
Bulgaria,2549.5584738,11.4,2.0433877,46.2,3157700333.3,42.099998474,0.1,45.986589907,73.371,0.5604235307,9,1380.8692885,9.216544,47.299999237,71.1
Burkina Faso,276.20041296,7.32,0.1629041,30.6,20628666.667,75.800003052,1.2,1.4000606995,55.439,,0,,8.2042217255,81.300003052,19.56
Burundi,115.3059959,9.65,1.1577498,19.5,8092333.3333,83.300003052,3.3,2.1002127058,50.411,,6,,14.68093586,83.199996948,10.4
Cambodia,557.9475126,4.71,2.5364458,21.5,45411666.667,73.400001526,0.5,1.2599336092,63.125,,2,51.58131958,4.9610714912,78.900001526,21.56
Cameroon,713.63930272,7.9,0.305758,29.7,125172666.67,49,5.3,3.9999773458,51.61,,-4,59.551244981,7.2142205238,59.099998474,56.76
Canada,25575.352623,10.2,0.3429763,84.3,24979045667,58.900001526,0.2,81.338392686,81.012,3.0073558513,10,4772.3706478,10.10099,63.5,80.4
Cape Verde,1959.8444724,4.98,0.4833248,28.1,5214000,43.599998474,,29.999939516,74.156,,,,5.633333683,55.900001526,59.62
Cayman Islands,,,,,8968666.6667,,,66,,,,,,,100
Central African Rep.,239.51874937,3.17,0.1486587,16.5,8338000,62.900001526,4.7,2.300026653,48.398,,-1,,13.548419952,71.300003052,38.58
Chad,275.88428653,4.39,0.8358123,16.5,7608333.3333,66.300003052,3.4,1.7000314955,49.553,,-2,,8.2830705643,68.900001526,26.68
Channel Islands,,,,,,,,,80.055,,,,,,31.12
Chile,6334.105194,8.81,1.3411144,43.9,1839471333.3,35.5,0.4,45,79.12,0.8589615517,10,532.51517721,10.17187,51,88.44
China,2425.4712933,5.56,0.3713568,18.7,101386215333,68.900001526,0.1,34.377789519,73.456,0.319532369,-7,331.37663203,16.913248062,72.800003052,43.1
Christmas Island,,,,,,,,,,,,,,,
Cocos Island,,,,,,,,,,,,,,,
Colombia,3233.4237801,6.59,2.2156207,30.3,2269806000,54.900001526,0.5,36.499874641,73.703,0.237607469,7,404.59136537,4.907702,63.200000763,74.5
Comoros,336.36874948,0.28,,19.5,2368666.6667,59.299999237,0.1,5.0982653061,61.061,,9,,4.7510838509,68,28.08
"Congo, Dem. Rep.",103.77585724,3.39,0.628381,10.3,169180000,50.400001526,,0.7200086773,48.397,,5,30.709243548,14.713020325,66.199996948,33.96
"Congo, Rep.",1253.2920151,4.46,0.7716936,20.6,46306333.333,52.299999237,3.4,4.9998750928,57.379,,-4,56.37245031,9.8737611771,64.199996948,61.34
Cook Islands,,3.23,,,1045000,,,,,,,,4.3733649254,,
Costa Rica,5188.9009352,5.81,0.4736536,30.9,148470666.67,40.099998474,0.3,36.499114724,79.311,,10,798.34059964,6.597168,58.599998474,63.26
Cote d'Ivoire,591.06794434,6.47,0.2339148,26,228748666.67,38.099998474,3.4,2.5999736549,55.377,,0,70.387444443,20.317930222,59.900001526,48.78
Croatia,6338.4946677,15,1.1032787,62.1,310024000,39.400001526,0.06,60.119707017,76.64,,9,1494.4102684,14.77625,47.099998474,57.28
Cuba,4495.0462615,5.12,1.4953835,31.2,1286670000,43.700000763,0.1,15.899970341,79.143,,-7,528.78734975,10.57191,56,75.66
Cyprus,15313.859347,8.84,2.4549129,67.2,183535000,51.299999237,,53.024744829,79.591,,10,2123.7628627,2.206169,59.099998474,69.9
Czech Rep.,7381.3127508,16.47,0.5157058,58.4,1776016000,47.599998474,0.06,68.638133471,77.685,0.8767783352,8,1438.780412,12.36798,56,73.5
Czechoslovakia,,,,,,,,,,,,,,,
DEMOCRATIC REPUBLIC OF VIETNAM,,,,,,,,,,,,,,,
Denmark,30532.277044,12.02,1.012373,88.7,3503877666.7,58.099998474,0.2,88.770253874,78.826,1.5675274615,10,1884.299342,8.973104,63.099998474,86.68
Djibouti,895.31833964,1.87,3.4515458,19.5,14054333.333,,2.5,6.4979235096,57.937,,2,,4.993475914,,87.3
Dominica,6147.7796098,8.68,,,2401666.6667,,,47.280436029,,,,,5.8352508545,,73.92
Dominican Rep.,4049.1696291,6.28,1.469369,36.1,446365333.33,40.5,0.9,39.531274262,73.396,,8,457.64484227,6.519536972,52.700000763,69.02
EAST & WEST PAKISTAN,,,,,,,,,,,,,,,
East Germany,,,,,,,,,,,,,,,
Ecuador,1728.0209761,9.43,1.0179463,23.5,692039333.33,45.5,0.4,28.999476737,75.632,0.732816541,5,314.82619968,8.5046844482,59.700000763,65.58
Egypt,1975.5519059,0.32,3.2908071,24.2,3341129000,18.200000763,0.06,26.740025382,73.235,0.4474792661,-3,536.76045073,1.7999036312,42.400001526,42.72
El Salvador,2557.4336378,3.99,1.321155,13.6,143586666.67,44.799999237,0.8,15.899982028,72.196,,8,256.09915134,7.304886,58.200000763,60.7
Equatorial Guinea,8654.5368449,6.12,0.3976544,16.5,26125000,39.599998474,5,6.0034371429,51.088,,-5,,10.129349709,61.700000763,39.38
Eritrea,131.79620701,1.64,9.8201265,19.5,7315000,51.700000763,0.8,5.3996669966,61.597,,-7,20.288131093,8.9133625031,64.900001526,20.72
Eritrea and Ethiopia,,,,,,,,,,,,,,,
Estonia,6238.5375062,17.24,0.9984276,47.7,277170666.67,52.099998474,1.2,74.163040299,74.825,,9,1411.2305322,16.95924,56.5,69.46
Ethiopia,220.89124792,4.1,0.3617085,24.7,119958666.67,73,,0.7499958499,59.274,,1,15.05623591,10.071942329,80.699996948,17
FEDERATION OF MALAYA-SINGAPORE,,,,,,,,,,,,,,,
FORMER PANAMA CANAL ZONE,,,,,,,,,,,,,,,
FRENCH EQUATORIAL AFRICA,,,,,,,,,,,,,,,
FRENCH GUIANA,,,,,21743333.333,,,,,,,,,,
FRENCH INDO-CHINA,,,,,,,,,,,,,,,
FRENCH WEST AFRICA,,,,,,,,,,,,,,,
Faeroe Islands,,,,,21351000,,,75.2,,,,,,,41.42
Falkland Islands (Malvinas),,,,,4304666.6667,,,,,,,,,,
Fiji,2230.6763741,2.76,1.1772684,31.2,35717000,36.799999237,0.1,14.830735884,69.245,,-4,,3.9402589798,56.400001526,52.36
Finland,27110.731591,13.1,1.1774157,84.7,2420300666.7,53.400001526,0.1,86.898844508,79.977,1.9386542682,10,4036.9539934,16.23437,57.200000763,63.3
France,22878.466567,12.48,1.2337802,91.9,33341634333,45.599998474,0.4,77.49861935,81.539,1.328291411,9,2539.7532727,14.09153,51.200000763,77.36
French Guiana,,,,,,,,,76.456,,,,,,
French Polynesia,,,,34.2,19800000,,,48.957328413,75.133,,,,,,51.64
Gabon,4180.7658207,9.46,1.0189063,18.2,170804333.33,52.599998474,5.2,7.2322242458,62.703,,3,537.10473814,7.7450647354,59,85.04
Gambia,354.59972629,3.58,0.1345905,6.4,7355333.3333,65.699996948,2,9.1967754772,58.491,,-5,,6.4491567612,71.699996948,56.42
Georgia,1258.7625963,6.66,1.4507353,51.8,81191000,48.5,0.1,26.297251482,73.737,,6,617.92555175,1.5743501186,55.599998474,52.74
Germany,25306.187193,12.14,0.5758096,79.8,41229554667,46.799999237,0.1,82.526897905,80.414,1.3985000328,10,1693.891898,9.211085,53.5,73.64
Ghana,358.9795398,3.11,0.1314868,28.1,188268666.67,64.099998474,1.8,9.5499307006,64.228,,8,97.246492118,6.2885546684,65.099998474,50.02
Gibraltar,,,,,7388333.3333,,,65,,,,0,,,
Greece,13577.879885,11.01,3.0932506,51.6,2712915333.3,37.799999237,0.1,44.570074443,79.915,1.6286148868,10,1690.7184344,2.816705,49.599998474,61
Greenland,20751.893424,,,,23635333.333,,,63.849152722,,,,,,,83.52
Grenada,5330.401612,10.71,,,4774000,,,33.616682885,75.956,,,,3.5764782429,,30.84
Guadeloupe,,,,,45778333.333,38.299999237,,,79.839,,,,,43.099998474,
Guam,,,,50.4,,,,,76.142,,,,,,93.16
Guatemala,1860.753895,7.1,0.6608385,25.9,242594000,44,0.8,10.49994819,71.172,,8,187.32488217,2.234896,62.700000763,48.58
Guernsey,,,,,,,,,,,,,,,
Guinea,411.50144725,0.79,0.4026995,15.3,46684000,77.599998474,1.3,0.9999589261,54.097,,-1,,7.4438261986,81.5,34.44
Guinea-Bissau,161.3171371,3.9,0.9301079,28.1,7813666.6667,49.900001526,2.5,2.4503622442,48.132,,6,,7.5636920929,65.900001526,29.84
Guyana,1200.6520749,8.7,0.8776657,29.5,69329333.333,41.799999237,1.2,29.879921457,69.927,,6,,35.752872467,58.900001526,28.38
Haiti,371.42419752,5.92,0,4.4,40857666.667,35.400001526,1.9,8.3702068838,62.095,,5,9.1923947083,1.5192480087,55.900001526,46.84
Holy See,,,,,,,,,,,,,,,
Honduras,1392.4118285,4.43,0.7108232,25.9,131703000,34.200000763,0.8,11.090764626,73.126,,7,278.73963505,7.0601844788,56.299999237,47.88
"Hong Kong, China",35536.072471,,,,1026813333.3,51.599998474,,71.849123939,82.759,2.2826554059,,1468.6407843,,59,100
Hungary,5634.003948,16.12,0.8668624,63,4244009000,40.299999237,0.06,65.163250915,74.414,0.6710975801,10,1154.1799321,20.16201,47.299999237,67.5
Iceland,33945.314422,7.38,0.0661,90,92770333.333,69.599998474,0.3,95.638113208,81.804,,,2826.0448735,11.42618084,73.599998474,92.26
India,786.70009815,2.69,0.5739204,19.1,30391317000,32.299999237,0.3,7.4999958783,65.438,0.1269787524,9,110.70546637,18.583826065,55.400001526,29.54
Indonesia,1143.8315135,0.56,0.5159403,26.1,6710201666.7,44.099998474,0.2,9.9000386722,69.366,0.2484669506,8,221.96146143,11.396111488,61.5,51.46
Iran,2161.5465097,1.03,2.0263996,17.1,9183548000,26.899999619,0.2,13.000110716,72.974,1.1625764479,-7,753.20980216,6.0218820572,47.799999237,68.46
Iraq,736.2680538,0.47,7.7379125,31.7,2421917666.7,12.399999619,,2.4719483469,69.042,,0,0,17.032646179,37.400001526,66.6
Ireland,27595.091347,14.92,0.4500244,74.9,1633778666.7,51,0.2,69.770394413,80.557,1.7002617508,10,2051.8023377,10.36507,59.900001526,61.34
Isle of Man,,,,,,,,,,,,,,,50.84
Israel,22275.751661,2.52,5.8731426,90.8,1561079666.7,46.400001526,0.2,65.387785939,81.618,,10,2342.4352481,5.931845,51.299999237,91.66
Italy,18982.269285,9.72,1.7293464,74.4,19000454000,35.799999237,0.3,53.7402166,81.855,1.2072498142,10,1176.3854571,4.9300445089,46.400001526,68.08
JAPAN (EXCLUDING THE RUYUKU ISLANDS),,,,,,,,,,,,,,,
Jamaica,3665.3483686,5.17,0.2437395,43.5,340090666.67,47.5,1.7,26.477223242,73.127,,9,368.43460606,4.4175071716,58.200000763,53.3
Japan,39309.478859,7.79,0.3618584,32.7,46092214667,46.200000763,0.06,77.638535155,83.394,1.5932234894,10,2257.5722332,18.94693,57.299999237,66.48
Jersey,,,,,,,,,,,,,,,
Jordan,2534.00038,0.65,5.9096991,33,377303666.67,13,,38.881201588,73.403,,-3,719.47653023,0.2014487237,38.900001526,78.42
KUWAITI OIL FIRES,,,,,,,,,,,,,,,
Kazakhstan,2481.7189179,11.1,0.9562696,38.7,2484925666.7,58.200000763,0.1,33.382128163,67.017,0.779964667,-6,484.09898796,25.4046,63.700000763,57.94
Kenya,468.69604356,3.88,0.1595738,25.2,283583666.67,66.599998474,6.3,25.899796702,57.134,,7,41.180003206,10.937718391,73.199996948,21.6
Kiribati,760.26236504,2.7,,,1111000,,,8.95914,,,,,,,43.84
"Korea, Dem. Rep.",,,10.6385211,20.4,5896388666.7,56,,,68.846,,-9,0,4.7356734276,64.599998474,62.68
"Korea, Rep.",16372.499781,19.15,2.8339665,20.4,9666891666.7,48,0.06,82.515927996,80.642,2.0878480106,8,1142.3090086,22.40456,58.900001526,81.46
"Korea, United",,,,,,,,,,,,,,,
Kosovo,1860.0987102,,,,,,,,,,8,,,,
Kuwait,,0.1,1.6095482,31.8,1712755000,42,,38.260233553,74.576,6.4675678875,-7,8362.567977,1.4980574243,65.699996948,98.36
Kyrgyzstan,372.728414,4.72,0.8377678,23,87970666.667,48.799999237,0.3,19.582316446,67.714,,1,428.31230706,9.875281,58.900001526,36.28
LEEWARD ISLANDS,,,,,,,,,,,,,,,
Laos,554.87984007,6.99,4.3015761,10.9,21332666.667,78.099998474,0.2,6.9998803419,67.484,,-7,,26.219198227,78.199996948,30.88
Latvia,5011.2194563,13.45,1.3164321,44.3,125755666.67,50.700000763,0.7,71.514723537,73.339,,8,904.66944536,20.36959,56.799999237,68.12
Lebanon,6746.6126318,2.3,5.4065355,52.5,428006333.33,22.299999237,0.1,31.004378282,72.64,,7,913.84566022,5.8383150101,46,86.96
Lesotho,495.73424694,5.56,0.2176526,13.1,,49.799999237,23.6,3.8605653984,48.196,,8,,7.8586192131,56.299999237,25.46
Liberia,155.03323123,5.07,0.1299529,18.8,38991333.333,53.200000763,1.5,7.0002138207,56.786,,6,,7.1848526001,66,60.14
Libya,7885.4680369,0.1,3.3116742,23.4,1414031666.7,23.200000763,,14.000246735,74.788,,-7,846.01492262,4.6670246124,48.599998474,77.54
Liechtenstein,81647.100031,,,,,,,80,,,,,,,14.32
Lithuania,5332.2385914,16.3,1.4878309,38.5,226255333.33,48.799999237,0.1,62.811900006,72.231,0.8123694379,10,758.8587192,33.34186,53.099998474,66.96
Luxembourg,52301.587179,12.84,0.7313362,82.5,592012666.67,45.900001526,0.3,90.079526627,79.963,,,1566.1061386,12.405918121,53.5,82.44
"Macao, China",33923.313868,,,,38397333.333,57.5,,56.764082353,80.934,,,,,63.599998474,100
"Macedonia, FYR",2221.185664,8.94,2.101467,52.1,168883000,26.799999237,,51.91418432,74.847,,9,,7.8768782616,34.900001526,66.9
Madagascar,242.67753416,1.32,0.2351846,19.5,62777000,79.199996948,0.2,1.6999851453,66.718,,0,,5.7674064636,83,29.52
Malawi,184.14179659,1.44,0.1145925,10.5,28490000,69,11,2.2599758848,54.21,,6,,10.17173481,71.800003052,18.8
Malaysia,5184.7093276,0.87,1.1421267,30.8,2670950333.3,43.099998474,0.5,56.3000337,74.221,0.8908131705,6,767.97032379,8.2110671997,60.5,70.36
Maldives,4038.857818,,,,8231666.6667,42.099998474,0.06,28.289700949,76.848,,,,22.353479385,56.900001526,37.86
Mali,269.89288112,0.99,0.3269778,18.2,17515666.667,34.400001526,1,2.6999664476,51.444,,7,,8.2628927231,45.700000763,32.18
Malta,11066.784145,4.1,1.1443188,76.1,73784333.333,30.100000381,0.1,63.077992788,79.634,,,1598.6739589,4.5511212349,46.799999237,94.26
Marshall Islands,2437.2824454,,,,1206333.3333,,,,,,,,7.2023835182,,71.08
Martinique,,,,,56162333.333,38.200000763,,,80.499,,,,,42.5,
Mauritania,609.13120592,0.11,1.5512617,28.1,56818666.667,45.299999237,0.7,2.9998031792,58.582,,-2,,6.8829522133,46.900001526,41
Mauritius,5182.1437206,3.53,0.3495439,31.6,59473333.333,36.299999237,1,28.731883497,73.373,,10,,8.08154,54.5,42.48
Mayotte,,,,,,,,,77.433,,,,,,
Mexico,6105.280743,8.55,0.6123401,26.4,13304503667,39.599998474,0.3,31.050012866,76.954,0.7705665037,8,431.62537884,4.288574,57.900001526,77.2
"Micronesia, Fed. Sts.",2146.3585931,5.25,,,,,,20.011531532,68.978,,,,4.7622699738,,22.54
Moldova,595.87453452,23.01,0.5415062,49.6,149904333.33,43.599998474,0.4,40.1222347,69.317,,8,304.94011485,15.53849,44.299999237,41.76
Monaco,105147.4377,,,,,,,,,,,,11.151072502,,100
Mongolia,772.9333448,3.41,1.2118685,6.6,300934333.33,50.900001526,0.06,12.900004681,68.498,,10,303.80544866,13.089615822,52.099998474,57.18
Montenegro,2222.3350522,,,,,,,51.958037975,74.573,,9,,,,60.18
Montserrat,,,,,1331000,,,,,,,,,,
Morocco,1844.3510276,1.24,2.0858528,22.5,953051000,22.200000763,0.1,49.000631843,72.15,,-6,209.09451729,2.1094136238,46.200000763,56.02
Mozambique,389.76363425,2.27,0.1022692,3.9,107096000,82.199996948,11.5,4.1701363852,50.239,,5,31.3868377,10.550374985,77,36.84
Myanmar,,0.58,1.9129653,20.2,322960000,66.5,0.6,,65.193,,-6,38.005637368,10.11499691,74.699996948,32.58
NETHERLAND ANTILLES AND ARUBA,,,,,,,,,,,,,,,
Namibia,2667.2467097,12.09,1.9729132,24.7,26209333.333,37.299999237,13.1,6.5008228208,62.465,,6,0,8.0219697952,42,36.84
Nauru,,4.81,,,4814333.3333,,,,,,,,4.0795254707,,
Nepal,268.25944951,2.42,1.0127322,21.8,52657000,54.599998474,0.4,7.930096349,68.795,,6,31.544563973,11.655209541,61.799999237,17.24
Netherlands,26551.844238,9.75,0.5261262,86.7,9483023000,54.299999237,0.2,90.703555089,80.734,2.9976546061,10,1490.0569091,8.164005,61.299999237,81.82
Netherlands Antilles,,,,,102538333.33,47.099998474,,,76.652,,,0,,53.5,92.68
New Caledonia,,,,,90269666.667,,,,76.521,,,,,,64.78
New Zealand,14778.163929,9.99,0.3891575,91.9,1321661000,58.299999237,0.1,83.002584249,80.654,1.5796211473,10,2993.0926596,12.17976,65,86.56
Ngorno-Karabakh,,,,,,,,,,,,,,,
Nicaragua,948.35595202,5.21,0.5265916,23.9,109681000,36,0.2,9.9985541544,74.044,,9,126.82657779,12.122268677,58.799999237,56.74
Niger,180.083376,0.34,0.2177167,23.3,30800000,38,0.8,0.8299974852,54.675,,-3,,9.2579755783,60.400001526,16.54
Nigeria,544.59947666,12.72,0.3331953,31.2,2386820333.3,36.5,3.6,28.430032661,51.879,,4,74.064240902,7.631049633,50.900001526,48.36
Niue,,8.69,,,132000,,,,,,,,4.2170763016,,
Norfolk Island,,,,,,,,,,,,,,,
Northern Cyprus,,,,,,,,,,,,,,,
Northern Mariana Islands,,,,,,,,,,,,,,,91.1
Norway,39972.352768,8.35,0.7205279,74.8,1962704333.3,60.900001526,0.1,93.277507934,81.097,2.1912260442,10,7432.1308519,10.823,65,77.48
Oman,11191.811007,0.92,4.4659976,13.2,487993000,22.600000381,0.1,61.987412864,72.974,,-8,2124.608816,3.7167394161,50.700000763,71.62
PACIFIC ISLANDS (PALAU),,,,,,,,,,,,,,,
PENINSULAR MALAYSIA,,,,,,,,,,,,,,,
Pakistan,668.54794304,0.05,1.6494507,50.1,2329308666.7,19,0.1,16.780037022,65.437,0.1180920595,5,186.92551502,12.869814873,51,36.16
Palau,6243.5713183,9.86,,,1723333.3333,,,,,,,,5.5542764664,,80.46
Panama,5900.6169445,7.3,0.7502103,29,170404666.67,43.400001526,0.9,42.747812056,76.128,,9,500.28850549,6.1052818998,59.799999237,73.2
Papua New Guinea,744.23941319,3.64,0.1051147,17.3,88337333.333,68.900001526,0.9,1.2800496471,62.791,,4,,11.956940651,70.400001526,12.54
Paraguay,1621.1770776,7.91,0.885386,34.4,95256333.333,65.300003052,0.3,19.80168119,72.477,,8,528.64805096,4.409532,73.099998474,60.3
Peru,3180.4306118,6.53,1.4356332,35.1,1146277000,59.799999237,0.4,34.30060399,73.99,0.2888929731,9,239.38945705,1.6589077711,68.300003052,71.4
Philippines,1383.4018689,6.08,0.3880673,46.6,2008116000,46.799999237,0.06,24.999945851,68.749,0.1404663083,8,179.61518061,1.9224851131,61,64.92
Pitcairn,,,,,,,,,,,,,,,
Poland,6575.7450439,14.43,0.8101865,50.3,23053598333,42.099998474,0.1,62.471230128,76.126,0.6871027932,10,704.39975163,13.63706,48.700000763,61.32
Portugal,11744.834167,13.89,1.616886,55.5,1865922666.7,50.599998474,0.6,51.280478398,79.499,1.1802646266,10,1259.3924572,8.188375473,57.599998474,59.46
Puerto Rico,15822.112141,,,50.4,,34.599998474,,42.692334766,79.158,,,,,42.400001526,98.32
Qatar,33931.832079,1.29,1.3342359,33.3,811965000,39.599998474,0.06,81.590397271,78.371,4.2074308915,-10,4759.4538435,2.5157208443,76,95.64
REPUBLIC OF SOUTH VIETNAM,,,,,,,,,,,,,,,
RHODESIA-NYASALAND,,,,,,,,,,,,,,,
RWANDA-URUNDI,,,,,,,,,,,,,,,
RYUKYU ISLANDS,,,,,,,,,,,,,,,
Reunion,,,,,55146666.667,37.900001526,,,77.653,,,,,44.200000763,
Romania,2636.7877999,16.15,1.5367663,44.3,7104137333.3,43.799999237,0.1,40.02009488,73.979,0.423524289,9,467.56580771,10.05932,49.5,54.24
Russia,2923.1443548,16.23,1.9414459,38.8,23404568000,53.799999237,1,43.366497721,68.823,1.0324698838,4,825.94111073,27.87416,58.799999237,72.84
Rwanda,338.26639123,9.99,0.7268554,8.8,20152000,80.5,2.9,13.000006118,55.442,,-3,,13.117948532,79.800003052,18.34
SABAH,,,,,,,,,,,,,,,
SARAWAK,,,,,,,,,,,,,,,
ST. KITTS-NEVIS-ANGUILLA,,,,,,,,,,,,,,,
Saint Barthélemy,,,,,,,,,,,,,,,
Saint Helena,,,,,242000,,,,,,,,,,
Saint Kitts and Nevis,9175.7960147,10.62,,,2251333.3333,,,76.587538462,,,,,,,32.32
Saint Lucia,5248.5823215,12.05,,,7601000,,,40.06137931,74.641,,,,8.2109479904,,27.84
Saint Martin,,,,,,,,,,,,,,,
Saint Vincent and the Grenadines,4885.0467014,4.99,,,3659333.3333,,,,72.283,,,,9.5930271149,,47.04
Saint-Pierre-et-Miquelon,,,,,2797666.6667,,,,,,,,,,
Samoa,1784.0712838,4.51,,34.2,4352333.3333,,,6.9650380435,72.444,,,,5.5423235893,,23
San Marino,31993.200694,,,,,,,,,,,,6.0876708031,,94.22
Sao Tome and Principe,,8.45,,,2335666.6667,,,18.795113636,64.666,,,,10.493149757,,60.56
Saudi Arabia,9425.3258698,0.34,2.6182964,24.7,7861553333.3,17.700000763,,41.000128461,73.911,4.5722678077,-10,3433.9324495,6.4015378952,51.200000763,82.42
Senegal,561.70858483,0.51,0.3622613,18.4,127108666.67,56.900001526,0.9,15.999649992,59.318,,7,55.794743535,6.8114385605,65.599998474,42.38
Serbia,1194.7114334,12.21,,,,,0.1,43.055067055,74.522,,8,1387.9785208,13.71634,,52.04
Serbia and Montenegro,,,,58.4,,41.099998474,,,,,,,14.469648361,48.700000763,
Serbia excluding Kosovo,,,,,,,,,,,,,,,
Seychelles,8614.1202192,12.11,,,9155666.6667,,,40.772850575,,,,,9.5079278946,,54.34
Sierra Leone,268.3317903,9.48,0.5235483,28.1,29758666.667,63.400001526,1.6,,47.794,,7,,11.98049736,63.799999237,37.76
Singapore,32535.832512,1.54,6.3949358,48.7,1548044666.7,51.299999237,0.1,71.131707307,81.126,12.228644991,-2,1464.8372813,9.127511,62.400001526,100
Slovak Republic,8445.5266887,13.31,0.628578,48,590674333.33,45.299999237,0.06,79.889777344,75.446,0.6773927847,10,830.70164701,10.64574,53.400001526,56.56
Slovenia,12729.4544,14.94,1.1602817,58.9,214368000,49.400001526,0.06,69.339970717,79.341,,10,1585.1747388,19.42261,55.900001526,48.6
Solomon Islands,1144.1021934,1.37,,29.8,5210333.3333,51.299999237,,5.0013754647,67.852,,8,,4.484752655,65,17.96
Somalia,,0.5,,19.5,16379000,50.700000763,0.7,,51.219,,0,,29.864164352,66,36.52
Somaliland,,,,,,,,,,,,,,,
Source: Tom Boden,,,,,,,,,,,,,,,
South Africa,3745.6498521,10.16,0.3318626,35,14609848000,34.299999237,17.8,12.334893263,52.797,0.5046594529,9,920.13759978,15.714570999,41.099998474,60.74
South Ossetia,,,,,,,,,,,,,,,
South Sudan,,,,,,,,,59.4,,,,,,
Spain,15461.758372,11.83,0.9795374,50.9,10822529667,41.700000763,0.4,65.808553672,81.404,1.6168591225,10,1779.50351,5.888479,52.5,77.12
Sri Lanka,1295.7426861,0.81,2.569643,23.6,253854333.33,39.200000763,0.06,11.999970662,74.941,,6,161.09346854,28.104045868,55.099998474,15.1
Sudan,523.95015149,2.56,0.969499,22.5,225019666.67,27.899999619,1.1,,61.452,,-4,50.892101383,9.7095556259,47.299999237,43.44
Suriname,2668.0205189,6.56,1.0584191,30,86317000,30.399999619,1,31.5680976,70.563,,,,20.747430801,44.700000763,74.92
Svalbard,,,,,,,,,,,,,,,
Swaziland,1810.2305326,5.05,,12.3,22704000,47.099998474,25.9,9.0077359091,48.718,,-9,,12.872221947,50.900001526,24.94
Sweden,32292.482984,9.5,0.3520917,87.8,4286590000,56.700000763,0.1,90.016190019,81.439,1.5458938022,10,4304.5144018,11.11583,60.700000763,84.54
Switzerland,37662.75125,11.41,0.52422,81.7,2406741333.3,57,0.4,82.166659877,82.338,1.4874121872,10,2361.0333363,13.23981,64.300003052,73.48
Syria,1525.7801159,1.49,5.9558471,44.8,1436893333.3,16.700000763,,20.663155681,75.85,,-7,815.03109089,0.5235275626,44.799999237,54.22
TANGANYIKA,,,,,,,,,,,,,,,
Taiwan,,,,,5248815000,47.099998474,,,,2.006514658,10,1831.7318483,,54.5,
Tajikistan,279.18045256,3.39,0.6048733,13.2,104170000,50.099998474,0.2,11.549390515,67.529,,-3,405.7753854,2.6489808559,54.599998474,26.46
Tanzania,456.38571165,7.86,0.1347296,21.1,100782000,76.099998474,5.6,11.00005544,58.199,,-1,38.634502982,12.41118145,78.199996948,25.52
Thailand,2712.5171987,7.08,1.0936515,16.6,4200940333.3,65,1.3,21.200071769,74.126,0.7262496753,4,439.58973176,9.8474597931,72,33.32
Timor-Leste,369.57295374,0.74,0.2342862,,850666.66667,54.700000763,,0.2100663256,62.475,,7,,9.6331148148,67.300003052,27.3
Togo,285.22444925,1.92,0.3400308,28.1,32233666.667,48.400001526,3.2,5.3798197147,57.062,,-4,66.238521932,6.3698878288,63.900001526,42
Tokelau,,,,,,,,,,,,,,,
Tonga,2025.2826649,3.92,,,2907666.6667,,,12.006692308,72.317,,,,4.5278515816,,24.78
Transnistria,,,,,,,,,,,,,,,
Trinidad And Tobago,,,,,878995333.33,,,,,,,,,,
Trinidad and Tobago,10480.817203,6.16,0.581165,51.1,,50.5,1.5,48.516817673,70.124,,10,2261.3167126,14.547166824,61.5,13.22
Tunisia,3164.9276933,1.05,1.266624,19.6,525891666.67,21.399999619,0.06,36.562552962,74.515,,-4,325.83956085,3.1468141079,41.599998474,66.5
Turkey,5348.5971919,3.02,2.3794147,22,5675629666.7,21.899999619,0.06,39.820177885,73.979,0.3944891108,7,550.6966103,3.5633246899,42.799999237,68.68
Turkmenistan,2062.1251524,5,0.9314175,17.9,531303666.67,53.900001526,,2.1999978183,64.986,1.1106714703,-9,351.16659407,12.216769218,58.5,48.62
Turks and Caicos Islands,,,,,,,,,,,,,,,
Tuvalu,1714.9428899,2.14,,,,,,25,,,,,7.9348115921,,
UNITED KOREA,,,,,,,,,,,,,,,
USSR,,,,,,,,,,,,,,,
Uganda,377.42111326,16.4,0.3445177,18.3,49793333.333,80,6.5,12.50025543,54.116,,-1,,12.289121628,83.199996948,12.98
Ukraine,1036.8307249,17.47,0.9311688,39.9,5584766000,49.400001526,1.1,44.58535469,68.494,0.2552349064,7,673.58486098,18.95457,54.400001526,67.98
United Arab Emirates,21087.394125,0.52,1.8124763,24.1,2315698000,37.299999237,,77.99678115,76.546,4.2999644554,-8,11154.755033,1.392950654,75.199996948,77.88
United Kingdom,28033.489283,13.24,0.5080181,87.2,72524250333,53.099998474,0.2,84.73170475,80.17,1.1880280942,10,1933.9456151,6.014659,59.299999237,89.94
United States,37491.179523,9.7,0.9723782,101.1,334220872333,56,0.6,74.247572004,78.531,2.7385436827,10,4542.848695,9.927033,62.299999237,81.7
Uruguay,9106.3272342,8.99,1.5793413,83.1,275744333.33,46,0.5,47.867468633,77.005,,10,823.82319754,14.53727,57.5,92.3
Ussr,,,,,,,,,,,,,,,
Uzbekistan,952.82726083,3.61,0.7096295,17.3,1718339333.3,52.599998474,0.1,19.445020547,68.287,0.1821845251,-9,261.4339532,5.21372,57.5,36.82
Vanuatu,1543.9564567,0.96,,24,2977333.3333,,,7.9883666667,71.017,,,,4.9834218025,,24.76
Venezuela,5528.3631139,7.6,0.9040245,34.3,5418886000,45.799999237,,35.850436956,74.402,1.2146367734,-3,969.00433876,4.11962,59.900001526,93.32
Vietnam,722.80755883,3.91,1.0853671,16.2,1425435000,67.599998474,0.4,27.851821556,75.181,,-7,302.72565466,11.65332222,71,27.84
Virgin Islands (U.S.),,,,,,,,,79.407,,,,,,94.86
Wallis et Futuna,,,,,110000,,,,,,,,,,
West Bank and Gaza,,,5.9360854,,14241333.333,11.300000191,,36.422771792,72.832,,,,,32,71.9
West Germany,,,,,,,,,,,,,,,
Western Sahara,,,,,6838333.3333,,,,67.301,,,,,,
YUGOSLAVIA (FORMER SOCIALIST FEDERAL REPUBLIC),,,,,,,,,,,,,,,
Yemen Arab Republic (Former),,,,,,,,,,,,,,,
Yemen Democratic (Former),,,,,,,,,,,,,,,
"Yemen, Rep.",610.35736732,0.2,2.3162346,35.1,234864666.67,20.299999237,,12.349750464,65.493,,-2,130.0578314,6.265789032,39,30.64
Yugoslavia,,,,,694279666.67,,,,,,,,,,
ZANZIBAR,,,,,,,,,,,,,,,
Zambia,432.22633697,3.56,0.3413352,13,132025666.67,53.5,13.5,10.124986462,49.025,,7,168.62303051,12.019036293,61,35.42
Zimbabwe,320.77188995,4.96,1.0327854,19,590219666.67,58.099998474,14.3,11.500415321,51.384,,1,297.88320041,13.905266762,66.800003052,37.34
Åland,,,,,,,,,,,,,,,
